Designator,Footprint,Quantity,Value,LCSC Part #
"C1, C2",CP_Radial_D5.0mm_P2.00mm,2,10uF/25V,
"C3, C4",0805,2,10pF,
"C5, C6, C7, C8",0805,4,100nF,
J1,Jack_3.5mm_QingPu_WQP-PJ398SM_Vertical_CircularHoles,1,CV_IN_1,
J2,Jack_3.5mm_QingPu_WQP-PJ398SM_Vertical_CircularHoles,1,SIGNAL_IN_1,
J3,Jack_3.5mm_QingPu_WQP-PJ398SM_Vertical_CircularHoles,1,CV_IN_2,
J4,Jack_3.5mm_QingPu_WQP-PJ398SM_Vertical_CircularHoles,1,SIGNAL_IN_2,
J5,IDC-Header_2x05_P2.54mm_Vertical,1,POWER,
J6,Jack_3.5mm_QingPu_WQP-PJ398SM_Vertical_CircularHoles,1,SIGNAL_OUT_1,
J7,Jack_3.5mm_QingPu_WQP-PJ398SM_Vertical_CircularHoles,1,SIGNAL_OUT_2,
"Q1, Q2",SOT-23,2,BC847,
"Q3, Q4",SOT-23,2,BC857,
"R1, R15, R16, R19, R2, R20, R27, R28, R3, R4, R5, R6",0805,12,100k,
"R10, R11, R13, R7, R8, R9",0805,6,2k,
"R12, R14",0805,2,120k,
"R17, R18",0805,2,470,
"R21, R22, R24, R26",0805,4,20k,
"R23, R25",0805,2,30k,
"R29, R30",0805,2,150,
"R31, R33",0805,2,470k,
"R32, R34",0805,2,2M,
"R35, R36",0805,2,47k,
"R37, R39",0805,2,1k,
"R38, R40",0805,2,4k7,
"RV1, RV2, RV3, RV4",Potentiometer_SH_RK0904N_Short_Trimmer,4,B100K,
"RV5, RV6",Potentiometer_Bourns_3266Y_Vertical,2,2K,
"RV7, RV8",Potentiometer_Bourns_3266Y_Vertical,2,100K,
"SW1, SW2",SW_SMTS-102_SPDT_Toggle_Switch,2,SW_SPDT,
U1,SOIC-14_3.9x8.7mm_P1.27mm,1,TL074,
U2,SOIC-16_3.9x9.9mm_P1.27mm,1,LM13700,
