Designator,Footprint,Quantity,Value,LCSC Part #
"C1, C11, C12, C13, C18, C19, C22, C25, C4, C5",0805,10,100n,
"C10, C7, C8, C9",C_Rect_L7.2mm_W2.5mm_P5.00mm_FKS2_FKP2_MKS2_MKP2,4,220nF,
"C14, C15, C16, C17, C20, C21, C3",CP_Radial_D6.3mm_P2.50mm,7,100uF/25V,
"C2, C6",CP_Radial_D10.0mm_P5.00mm,2,470uF/25V,
"C23, C24",CP_Radial_D5.0mm_P2.00mm,2,10uF/50V,
"C26, C27",0805,2,100pF,
D1,LED_D3.0mm_Blue,1,BLED,
FB1,1206,1,600@100MHz,
J1,BarrelJack_Horizontal,1,DC 5.5/2.1mm,
"J2, J3, J4",CUI_RCJ-22,3,Conn RCA Jack x 2,
J5,CUI_RCJ-016,1,SUB_OUT,
R1,1206,1,10,
"R10, R11, R12, R13, R14, R15, R16, R17, R19, R2, R20, R23, R24, R27, R3, R33, R34, R35, R36, R6, R7, R8, R9",0805,23,3k3,
R18,0805,1,47k,
"R21, R22, R25, R26, R4, R5",0805,6,10k,
"R28, R32",0805,2,22k,
"R29, R30, R31",0805,3,100,
"RV1, RV2",Bourns_PTD904,2,B10k,
SW1,E-switch_100DP1T1B1M6_DPDT_Angle,1,INPUT_SELECTOR,
TP1,PinHeader_1x01_P2.54mm_Vertical,1,L_BAND_STOP_FREQ,
TP2,PinHeader_1x01_P2.54mm_Vertical,1,R_BAND_STOP_FREQ,
"U1, U2, U3, U4, U5, U6",SOIC-8_3.9x4.9mm_P1.27mm,6,NE5532,
