[{"pos_x": 90.0, "pos_y": -124.0, "rotation": 0.0, "side": "top", "designator": "REF**", "mpn": null, "pack": "LED_Panel_3.1mm", "value": "LED_Panel_3.1mm", "mount_type": "tht", "place": false}, {"pos_x": 90.0, "pos_y": -119.0, "rotation": 0.0, "side": "top", "designator": "REF**", "mpn": null, "pack": "LED_Panel_3.1mm", "value": "LED_Panel_3.1mm", "mount_type": "tht", "place": false}, {"pos_x": 90.0, "pos_y": -114.0, "rotation": 0.0, "side": "top", "designator": "REF**", "mpn": null, "pack": "LED_Panel_3.1mm", "value": "LED_Panel_3.1mm", "mount_type": "tht", "place": false}, {"pos_x": 90.0, "pos_y": -109.0, "rotation": 0.0, "side": "top", "designator": "REF**", "mpn": null, "pack": "LED_Panel_3.1mm", "value": "LED_Panel_3.1mm", "mount_type": "tht", "place": false}, {"pos_x": 70.0, "pos_y": -124.0, "rotation": 0.0, "side": "top", "designator": "REF**", "mpn": null, "pack": "LED_Panel_3.1mm", "value": "LED_Panel_3.1mm", "mount_type": "tht", "place": false}, {"pos_x": 70.0, "pos_y": -119.0, "rotation": 0.0, "side": "top", "designator": "REF**", "mpn": null, "pack": "LED_Panel_3.1mm", "value": "LED_Panel_3.1mm", "mount_type": "tht", "place": false}, {"pos_x": 70.0, "pos_y": -114.0, "rotation": 0.0, "side": "top", "designator": "REF**", "mpn": null, "pack": "LED_Panel_3.1mm", "value": "LED_Panel_3.1mm", "mount_type": "tht", "place": false}, {"pos_x": 70.0, "pos_y": -109.0, "rotation": 0.0, "side": "top", "designator": "REF**", "mpn": null, "pack": "LED_Panel_3.1mm", "value": "LED_Panel_3.1mm", "mount_type": "tht", "place": false}, {"pos_x": 93.0, "pos_y": -155.0, "rotation": 0.0, "side": "top", "designator": "REF**", "mpn": null, "pack": "MountingHole_3.3x5.9mm_Pad", "value": "MountingHole_3.3x5.9mm_Pad", "mount_type": "tht", "place": false}, {"pos_x": 90.0, "pos_y": -54.0, "rotation": 0.0, "side": "top", "designator": "REF**", "mpn": null, "pack": "MountingHole_6.2mm", "value": "MountingHole_6.2mm", "mount_type": "tht", "place": false}, {"pos_x": 80.0, "pos_y": -154.25, "rotation": 0.0, "side": "top", "designator": "G***", "mpn": null, "pack": "MeeBilt_small", "value": "LOGO", "mount_type": "tht", "place": true}, {"pos_x": 80.0, "pos_y": -99.0, "rotation": 0.0, "side": "top", "designator": "REF**", "mpn": null, "pack": "MountingHole_7.2mm", "value": "MountingHole_7.2mm", "mount_type": "tht", "place": false}, {"pos_x": 67.5, "pos_y": -155.0, "rotation": 0.0, "side": "top", "designator": "REF**", "mpn": null, "pack": "MountingHole_3.3x5.9mm_Pad", "value": "MountingHole_3.3x5.9mm_Pad", "mount_type": "tht", "place": false}, {"pos_x": 90.0, "pos_y": -84.0, "rotation": 0.0, "side": "top", "designator": "REF**", "mpn": null, "pack": "MountingHole_6.2mm", "value": "MountingHole_6.2mm", "mount_type": "tht", "place": false}, {"pos_x": 70.0, "pos_y": -84.0, "rotation": 0.0, "side": "top", "designator": "REF**", "mpn": null, "pack": "MountingHole_6.2mm", "value": "MountingHole_6.2mm", "mount_type": "tht", "place": false}, {"pos_x": 67.5, "pos_y": -33.0, "rotation": 0.0, "side": "top", "designator": "REF**", "mpn": null, "pack": "MountingHole_3.3x5.9mm_Pad", "value": "MountingHole_3.3x5.9mm_Pad", "mount_type": "tht", "place": false}, {"pos_x": 70.0, "pos_y": -64.0, "rotation": 0.0, "side": "top", "designator": "REF**", "mpn": null, "pack": "MountingHole_7.2mm", "value": "MountingHole_7.2mm", "mount_type": "tht", "place": false}, {"pos_x": 93.0, "pos_y": -33.0, "rotation": 0.0, "side": "top", "designator": "REF**", "mpn": null, "pack": "MountingHole_3.3x5.9mm_Pad", "value": "MountingHole_3.3x5.9mm_Pad", "mount_type": "tht", "place": false}]