Designator,Footprint,Quantity,Value,LCSC Part #
"C1, C2, C24, C25, C3, C4, C5, C6, C7, C8, C9",0805,11,100n,
"C10, C11, C12, C16, C17, C18",0805,6,10n,
"C13, C14, C15",CP_Radial_D5.0mm_P2.00mm,3,10u/50V LP,
"C19, C20, C21, C22",0805,4,4n7,
C23,0805,1,47n,
"D1, D13, D14, D15, D16, D17, D18, D2, D3, D4, D5, D6, D7, D8, D9",D_SOD-323_HandSoldering,15,1N4148WS,
"D10, D11",LED_D3.0mm_Red,2,RED RED,
D12,LED_D3.0mm_Red,1,RED LED,
J1,Jack_3.5mm_QingPu_WQP-PJ398SM_Vertical_CircularHoles,1,ACC_IN_MID,
"J10, J8, J9",PinSocket_1x06_P2.54mm_Vertical,3,B2B_A,
"J11, J12, J13",PinSocket_1x05_P2.54mm_Vertical,3,B2B_B,
J14,Jack_3.5mm_QingPu_WQP-PJ398SM_Vertical_CircularHoles,1,OUT_HI_TOM,
J15,Jack_3.5mm_QingPu_WQP-PJ398SM_Vertical_CircularHoles,1,OUT_MID_TOM,
J16,Jack_3.5mm_QingPu_WQP-PJ398SM_Vertical_CircularHoles,1,OUT_LOW_TOM,
"J17, J18",PinSocket_1x04_P2.54mm_Vertical,2,NOISE_B2B,
J2,Jack_3.5mm_QingPu_WQP-PJ398SM_Vertical_CircularHoles,1,ACC_IN_LOW,
J3,Jack_3.5mm_QingPu_WQP-PJ398SM_Vertical_CircularHoles,1,TRIG_IN_HIGH,
J4,Jack_3.5mm_QingPu_WQP-PJ398SM_Vertical_CircularHoles,1,TRIG_IN_MID,
J5,Jack_3.5mm_QingPu_WQP-PJ398SM_Vertical_CircularHoles,1,TRIG_IN_LOW,
J6,Jack_3.5mm_QingPu_WQP-PJ398SM_Vertical_CircularHoles,1,ACC_IN_HIGH,
J7,IDC-Header_2x05_P2.54mm_Vertical,1,PWR,
"Q1, Q2, Q3, Q4, Q5",SOT-23,5,BC849,
"R1, R22, R3, R45, R46, R55",0805,6,22k,
"R10, R2, R20, R21, R23, R34, R36, R38, R4, R50, R51, R54, R6, R8",0805,14,100k,
"R11, R12, R13, R24, R25, R26",0805,6,4k7,
"R14, R15, R16, R17, R18, R19, R27, R28, R29, R47, R49, R5, R7, R9",0805,14,10k,
"R30, R31, R32, R42, R43, R44, R52",0805,7,1k,
"R33, R35, R37",0805,3,680k,
"R39, R40, R41",0805,3,56k,
R48,0805,1,220k,
R53,0805,1,47,
"RV1, RV2, RV3",Potentiometer_Alpha_RD901F-40-00D_Single_Vertical,3,B100K,
"RV4, RV5, RV6",Potentiometer_Alpha_RD901F-40-00D_Single_Vertical,3,B500K,
"RV7, RV8, RV9",Potentiometer_SH_RK0904N_Short_Trimmer,3,B100k,
SW1,CherryMX_1.00u,1,H_TRIG,
SW2,CherryMX_1.00u,1,M_TRIG,
SW3,CherryMX_1.00u,1,L_TRIG,
U1,SOIC-14_3.9x8.7mm_P1.27mm,1,LM339,
U2,SOT-89-3,1,L78L05_SOT89,
U3,SOIC-8_3.9x4.9mm_P1.27mm,1,TL072,
