Designator,Footprint,Quantity,Value,LCSC Part #
C1,0805,1,330nF,
"C10, C15, C20, C21, C23",0805,5,10nF,
"C11, C16",0805,2,27nF,
"C12, C17",0805,2,4n7,
"C13, C14, C18, C19, C8, C9",0805,6,100nF,
"C2, C3",CP_Radial_D5.0mm_P2.00mm,2,10uF/50V LP,
C22,0805,1,220pF,
C4,0805,1,100pF,
"C5, C6",0805,2,18nF,
C7,0805,1,47nF,
"D1, D2, D3, D4, D5, D6",D_SOD-323,6,1N4148WS,
J1,Jack_3.5mm_QingPu_WQP-PJ398SM_Vertical_CircularHoles,1,VEL_IN,
J2,Jack_3.5mm_QingPu_WQP-PJ398SM_Vertical_CircularHoles,1,TRIG_IN,
J3,IDC-Header_2x05_P2.54mm_Vertical,1,PWR,
J4,Jack_3.5mm_QingPu_WQP-PJ398SM_Vertical_CircularHoles,1,OUT,
"Q1, Q3",SOT-23,2,BC849,
Q2,SOT-23,1,BC859,
"R1, R15",0805,2,2k2,
"R10, R25",0805,2,1M,
R11,0805,1,47k,
"R12, R26, R6, R8",0805,4,22k,
R13,0805,1,2k7,
"R14, R17",0805,2,470k,
R16,0805,1,330k,
"R18, R19",0805,2,100,
"R2, R27, R4",0805,3,100k,
"R20, R21, R23",0805,3,12k,
R22,0805,1,3k3,
R24,0805,1,680,
R28,0805,1,220k,
"R29, R30, R5",0805,3,4k7,
"R3, R7, R9",0805,3,10k,
R31,0805,1,1k,
"RV1, RV2",Potentiometer_Alpha_RD901F-40-00D_Single_Vertical,2,B5K,
SW1,CherryMX_1.00u,1,SW_Push,
"U1, U2, U3",SOIC-8_3.9x4.9mm_P1.27mm,3,TL072,
