Designator,Footprint,Quantity,Value,LCSC Part #
"C1, C2",CP_Radial_D5.0mm_P2.00mm,2,10u/50V LP,
"C10, C13, C21",0805,3,470n,
"C11, C12, C15, C16, C17, C4, C5, C8, C9",0805,9,100n,
C14,0805,1,22n,
C18,0805,1,27n,
"C19, C22",0805,2,1n,
C20,0805,1,220p,
"C23, C24, C3",0805,3,10n,
"C6, C7",0805,2,4n7,
"D1, D2, D3, D4, D5",D_SOD-323_HandSoldering,5,1N4148WS,
J1,Jack_3.5mm_QingPu_WQP-PJ398SM_Vertical_CircularHoles,1,VEL_IN,
J2,Jack_3.5mm_QingPu_WQP-PJ398SM_Vertical_CircularHoles,1,TRIG_IN,
"J3, J4",PinSocket_1x04_P2.54mm_Vertical,2,NOISE_BOARD,
J5,IDC-Header_2x05_P2.54mm_Vertical,1,PWR,
J6,Jack_3.5mm_QingPu_WQP-PJ398SM_Vertical_CircularHoles,1,OUT,
"Q1, Q3, Q4",SOT-23,3,BC849,
"Q2, Q5, Q6",SOT-23,3,BC859,
R1,0805,1,120k,
"R10, R46",0805,2,2k2,
"R11, R2, R3, R49, R5, R9",0805,6,100k,
"R12, R17, R19, R20",0805,4,22k,
R13,0805,1,150k,
"R14, R27, R48, R7",0805,4,47k,
"R15, R16, R28, R37, R47, R6, R8",0805,7,10k,
"R18, R31, R32, R44",0805,4,1k,
R21,0805,1,3k3,
R22,0805,1,47,
"R23, R24, R25, R4",0805,4,4k7,
"R26, R41",0805,2,470k,
"R29, R36",0805,2,82k,
"R30, R34",0805,2,1M,
R33,0805,1,2k7,
R35,0805,1,5k6,
"R38, R39, R42",0805,3,68k,
R40,0805,1,330,
"R43, R45",0805,2,15k,
"RV1, RV2",Potentiometer_Alpha_RD901F-40-00D_Single_Vertical,2,B100k,
"RV3, RV4",Potentiometer_Alpha_RD901F-40-00D_Single_Vertical,2,B10k,
SW1,CherryMX_1.00u,1,SW_Push,
"U1, U3",SOIC-8_3.9x4.9mm_P1.27mm,2,TL072,
U2,SOIC-16_3.9x9.9mm_P1.27mm,1,LM13700,
U4,SOIC-14_3.9x8.7mm_P1.27mm,1,LM2901,
