Designator,Footprint,Quantity,Value,LCSC Part #
R4,R_0805_2012Metric_Pad1.20x1.40mm_HandSolder,1,47k,
R10,R_0805_2012Metric_Pad1.20x1.40mm_HandSolder,1,100k,
R40,R_0805_2012Metric_Pad1.20x1.40mm_HandSolder,1,10k,
Q4,SOT-23,1,BC847,
R70,R_0805_2012Metric_Pad1.20x1.40mm_HandSolder,1,100k,
R7,R_0805_2012Metric_Pad1.20x1.40mm_HandSolder,1,1k,
C10,C_0805_2012Metric_Pad1.18x1.45mm_HandSolder,1,470n,
R35,R_0805_2012Metric_Pad1.20x1.40mm_HandSolder,1,47k,
R20,R_0805_2012Metric_Pad1.20x1.40mm_HandSolder,1,220k,
R52,R_0805_2012Metric_Pad1.20x1.40mm_HandSolder,1,6k8,
C4,C_0805_2012Metric_Pad1.18x1.45mm_HandSolder,1,10n,
U5,SOIC-16_3.9x9.9mm_P1.27mm,1,4015,
R12,R_0805_2012Metric_Pad1.20x1.40mm_HandSolder,1,100k,
R17,R_0805_2012Metric_Pad1.20x1.40mm_HandSolder,1,22k,
R2,R_0805_2012Metric_Pad1.20x1.40mm_HandSolder,1,330k,
R31,R_0805_2012Metric_Pad1.20x1.40mm_HandSolder,1,100k,
C5,C_0805_2012Metric_Pad1.18x1.45mm_HandSolder,1,1u,
R59,R_0805_2012Metric_Pad1.20x1.40mm_HandSolder,1,150k,
D7,D_SOD-323,1,1N4148WS,
R55,R_0805_2012Metric_Pad1.20x1.40mm_HandSolder,1,330,
Q2,SOT-23,1,BC857,
R25,R_0805_2012Metric_Pad1.20x1.40mm_HandSolder,1,470k,
Q10,SOT-23,1,BC857,
R15,R_0805_2012Metric_Pad1.20x1.40mm_HandSolder,1,330k,
Q12,SOT-23,1,BC847,
C28,C_0805_2012Metric_Pad1.18x1.45mm_HandSolder,1,100n,
R56,R_0805_2012Metric_Pad1.20x1.40mm_HandSolder,1,47,
U3,SOIC-14_3.9x8.7mm_P1.27mm,1,4070,
C18,C_0805_2012Metric_Pad1.18x1.45mm_HandSolder,1,100n,
R16,R_0805_2012Metric_Pad1.20x1.40mm_HandSolder,1,3k3,
R63,R_0805_2012Metric_Pad1.20x1.40mm_HandSolder,1,4k7,
C11,C_0805_2012Metric_Pad1.18x1.45mm_HandSolder,1,6n8,
R36,R_0805_2012Metric_Pad1.20x1.40mm_HandSolder,1,10k,
U7,SOIC-16_3.9x9.9mm_P1.27mm,1,4015,
R19,R_0805_2012Metric_Pad1.20x1.40mm_HandSolder,1,2k2,
C27,C_0805_2012Metric_Pad1.18x1.45mm_HandSolder,1,100n,
C32,C_0805_2012Metric_Pad1.18x1.45mm_HandSolder,1,100p,
D8,D_SOD-323,1,1N4148WS,
R61,R_0805_2012Metric_Pad1.20x1.40mm_HandSolder,1,4k7,
C3,C_0805_2012Metric_Pad1.18x1.45mm_HandSolder,1,2n2,
R37,R_0805_2012Metric_Pad1.20x1.40mm_HandSolder,1,47k,
D2,D_SOD-323,1,1N4148WS,
Q7,SOT-23,1,BC857,
C8,C_0805_2012Metric_Pad1.18x1.45mm_HandSolder,1,3n3,
Q1,SOT-23,1,BC857,
U1,SOIC-14_3.9x8.7mm_P1.27mm,1,TL074,
C30,C_0805_2012Metric_Pad1.18x1.45mm_HandSolder,1,100n,
D3,D_SOD-323,1,1N4148WS,
C16,C_0805_2012Metric_Pad1.18x1.45mm_HandSolder,1,33n,
U6,SOIC-16_3.9x9.9mm_P1.27mm,1,4015,
Q5,SOT-23,1,BC847,
C26,C_0805_2012Metric_Pad1.18x1.45mm_HandSolder,1,100n,
R14,R_0805_2012Metric_Pad1.20x1.40mm_HandSolder,1,2k2,
R58,R_0805_2012Metric_Pad1.20x1.40mm_HandSolder,1,470k,
R47,R_0805_2012Metric_Pad1.20x1.40mm_HandSolder,1,22k,
R71,R_0805_2012Metric_Pad1.20x1.40mm_HandSolder,1,47k,
R6,R_0805_2012Metric_Pad1.20x1.40mm_HandSolder,1,2k2,
C14,C_0805_2012Metric_Pad1.18x1.45mm_HandSolder,1,470n,
R32,R_0805_2012Metric_Pad1.20x1.40mm_HandSolder,1,1k8,
R45,R_0805_2012Metric_Pad1.20x1.40mm_HandSolder,1,100k,
R50,R_0805_2012Metric_Pad1.20x1.40mm_HandSolder,1,1M,
D12,D_SOD-323,1,1N4148WS,
C12,C_0805_2012Metric_Pad1.18x1.45mm_HandSolder,1,100p,
Q11,SOT-23,1,BC847,
C17,C_0805_2012Metric_Pad1.18x1.45mm_HandSolder,1,100n,
D1,D_SOD-323,1,1N4148WS,
R51,R_0805_2012Metric_Pad1.20x1.40mm_HandSolder,1,47k,
C29,C_0805_2012Metric_Pad1.18x1.45mm_HandSolder,1,100n,
R5,R_0805_2012Metric_Pad1.20x1.40mm_HandSolder,1,100k,
R26,R_0805_2012Metric_Pad1.20x1.40mm_HandSolder,1,100k,
C7,C_0805_2012Metric_Pad1.18x1.45mm_HandSolder,1,100p,
R33,R_0805_2012Metric_Pad1.20x1.40mm_HandSolder,1,1k,
J4,IDC-Header_2x05_P2.54mm_Vertical,1,PWR,
R24,R_0805_2012Metric_Pad1.20x1.40mm_HandSolder,1,47,
Q6,SOT-23,1,BC857,
R11,R_0805_2012Metric_Pad1.20x1.40mm_HandSolder,1,2k2,
R65,R_0805_2012Metric_Pad1.20x1.40mm_HandSolder,1,10k,
C21,C_0805_2012Metric_Pad1.18x1.45mm_HandSolder,1,100n,
R38,R_0805_2012Metric_Pad1.20x1.40mm_HandSolder,1,22k,
R42,R_0805_2012Metric_Pad1.20x1.40mm_HandSolder,1,100k,
R21,R_0805_2012Metric_Pad1.20x1.40mm_HandSolder,1,22k,
R27,R_0805_2012Metric_Pad1.20x1.40mm_HandSolder,1,100k,
D5,D_SOD-323,1,1N4148WS,
R67,R_0805_2012Metric_Pad1.20x1.40mm_HandSolder,1,1k,
C1,C_0805_2012Metric_Pad1.18x1.45mm_HandSolder,1,68n,
R28,R_0805_2012Metric_Pad1.20x1.40mm_HandSolder,1,10k,
R54,R_0805_2012Metric_Pad1.20x1.40mm_HandSolder,1,470k,
R41,R_0805_2012Metric_Pad1.20x1.40mm_HandSolder,1,1M,
R13,R_0805_2012Metric_Pad1.20x1.40mm_HandSolder,1,100k,
Q3,SOT-23,1,BC847,
D4,D_SOD-323,1,1N4148WS,
R60,R_0805_2012Metric_Pad1.20x1.40mm_HandSolder,1,12k,
R62,R_0805_2012Metric_Pad1.20x1.40mm_HandSolder,1,22k,
U4,SOIC-16_3.9x9.9mm_P1.27mm,1,4015,
D6,D_SOD-323,1,1N4148WS,
R57,R_0805_2012Metric_Pad1.20x1.40mm_HandSolder,1,470k,
R69,R_0805_2012Metric_Pad1.20x1.40mm_HandSolder,1,10k,
C15,C_0805_2012Metric_Pad1.18x1.45mm_HandSolder,1,10n,
J5,PinHeader_2x02_P2.54mm_Vertical,1,AUX NOISE OUT,
D9,D_SOD-323,1,1N4148WS,
C24,C_0805_2012Metric_Pad1.18x1.45mm_HandSolder,1,100p,
C22,C_0805_2012Metric_Pad1.18x1.45mm_HandSolder,1,100n,
C23,CP_Radial_D5.0mm_P2.00mm,1,4u7/50V,
R30,R_0805_2012Metric_Pad1.20x1.40mm_HandSolder,1,22k,
R8,R_0805_2012Metric_Pad1.20x1.40mm_HandSolder,1,100k,
U2,SOIC-14_3.9x8.7mm_P1.27mm,1,TL074,
Q8,SOT-23,1,BC847,
C13,C_0805_2012Metric_Pad1.18x1.45mm_HandSolder,1,33n,
R34,R_0805_2012Metric_Pad1.20x1.40mm_HandSolder,1,100k,
R44,R_0805_2012Metric_Pad1.20x1.40mm_HandSolder,1,4k7,
R39,R_0805_2012Metric_Pad1.20x1.40mm_HandSolder,1,39k,
C31,C_0805_2012Metric_Pad1.18x1.45mm_HandSolder,1,100n,
R48,R_0805_2012Metric_Pad1.20x1.40mm_HandSolder,1,100k,
R46,R_0805_2012Metric_Pad1.20x1.40mm_HandSolder,1,10k,
R18,R_0805_2012Metric_Pad1.20x1.40mm_HandSolder,1,100k,
R1,R_0805_2012Metric_Pad1.20x1.40mm_HandSolder,1,22k,
R29,R_0805_2012Metric_Pad1.20x1.40mm_HandSolder,1,100k,
R43,R_0805_2012Metric_Pad1.20x1.40mm_HandSolder,1,100k,
R64,R_0805_2012Metric_Pad1.20x1.40mm_HandSolder,1,100k,
C6,C_0805_2012Metric_Pad1.18x1.45mm_HandSolder,1,1u,
R3,R_0805_2012Metric_Pad1.20x1.40mm_HandSolder,1,47k,
R68,R_0805_2012Metric_Pad1.20x1.40mm_HandSolder,1,33k,
C19,CP_Radial_D5.0mm_P2.00mm,1,10u/50V LP,
R9,R_0805_2012Metric_Pad1.20x1.40mm_HandSolder,1,4k7,
R53,R_0805_2012Metric_Pad1.20x1.40mm_HandSolder,1,4k7,
C20,CP_Radial_D5.0mm_P2.00mm,1,10u/50V LP,
R66,R_0805_2012Metric_Pad1.20x1.40mm_HandSolder,1,10k,
Q9,SOT-23,1,BC857,
D11,D_SOD-323,1,1N4148WS,
C2,C_0805_2012Metric_Pad1.18x1.45mm_HandSolder,1,33n,
C9,C_0805_2012Metric_Pad1.18x1.45mm_HandSolder,1,4n7,
D10,D_SOD-323,1,1N4148WS,
R22,R_0805_2012Metric_Pad1.20x1.40mm_HandSolder,1,100k,
C25,C_0805_2012Metric_Pad1.18x1.45mm_HandSolder,1,100n,
R23,R_0805_2012Metric_Pad1.20x1.40mm_HandSolder,1,47k,
R49,R_0805_2012Metric_Pad1.20x1.40mm_HandSolder,1,10k,
RV4,Potentiometer_Alpha_RD901F-40-00D_Single_Vertical,1,A100K,
RV2,Potentiometer_Alpha_RD901F-40-00D_Single_Vertical,1,B47k,
RV1,Potentiometer_Alpha_RD901F-40-00D_Single_Vertical,1,B10k,
RV6,Potentiometer_Alpha_RD901F-40-00D_Single_Vertical,1,B1K,
RV5,Potentiometer_Alpha_RD901F-40-00D_Single_Vertical,1,A1M,
J1,Jack_3.5mm_QingPu_WQP-PJ398SM_Vertical_CircularHoles,1,TRIG,
J3,Jack_3.5mm_QingPu_WQP-PJ398SM_Vertical_CircularHoles,1,VEL,
RV3,Potentiometer_Alpha_RD901F-40-00D_Single_Vertical,1,B10K,
J2,Jack_3.5mm_QingPu_WQP-PJ398SM_Vertical_CircularHoles,1,KICK OUT,
