Designator,Footprint,Quantity,Value,LCSC Part #
"C1, C2",0805,2,100p,
"C10, C3",0805,2,1n,
"C11, C12, C14, C16, C17, C19, C20, C22, C23, C24, C27, C28, C29, C5, C9",0805,15,100n,
C13,0805,1,1u,
"C15, C18, C21, C26",CP_Radial_D5.0mm_P2.00mm,4,10u/50V LP,
C25,0805,1,470p,
C4,0805,1,1n2,
C6,0805,1,390p,
C7,0805,1,2n7,
C8,0805,1,10n,
"D1, D10, D2, D3, D4, D5, D6, D7, D8, D9",D_SOD-323_HandSoldering,10,1N4148WS,
J1,Jack_3.5mm_QingPu_WQP-PJ398SM_Vertical_CircularHoles,1,OHH_VEL,
J2,Jack_3.5mm_QingPu_WQP-PJ398SM_Vertical_CircularHoles,1,CHH_VEL,
J3,Jack_3.5mm_QingPu_WQP-PJ398SM_Vertical_CircularHoles,1,OHH_TRIG,
J4,Jack_3.5mm_QingPu_WQP-PJ398SM_Vertical_CircularHoles,1,CHH_TRIG,
J5,Jack_3.5mm_QingPu_WQP-PJ398SM_Vertical_CircularHoles,1,OUT,
J6,IDC-Header_2x05_P2.54mm_Vertical,1,PWR,
"Q1, Q2, Q5, Q6, Q8, Q9",SOT-23,6,BC849,
"Q3, Q4, Q7",SOT-23,3,BC859,
"R1, R15, R19, R23, R26, R33, R50, R6",0805,8,100k,
"R10, R16, R20, R21, R22, R27, R30, R34, R35, R48, R49, R8",0805,12,10k,
R11,0805,1,100,
R12,0805,1,150,
"R13, R14, R4, R5",0805,4,5k6,
"R17, R3",0805,2,47k,
"R18, R24, R29, R31, R32",0805,5,22k,
"R2, R47",0805,2,4k7,
R25,0805,1,220k,
R28,0805,1,1k,
"R36, R37, R38",0805,3,160k 1%,
"R39, R40, R41",0805,3,20k 1%,
R42,0805,1,6k8,
"R43, R44, R46",0805,3,10k 1%,
R45,0805,1,33k,
R7,0805,1,22,
R9,0805,1,2k2,
RV1,Potentiometer_Alpha_RD901F-40-00D_Single_Vertical,1,A1M,
RV2,Potentiometer_Alpha_RD901F-40-00D_Single_Vertical,1,A100k,
RV3,Potentiometer_Alpha_RD901F-40-00D_Single_Vertical,1,B10k,
SW1,CherryMX_1.00u,1,OPEN_HH,
SW2,CherryMX_1.00u,1,CLOSED_HH,
U1,SOT-23-6,1,TS5A3160DBV,
U2,SOIC-14_3.9x8.7mm_P1.27mm,1,TL074,
U3,SOIC-16_3.9x9.9mm_P1.27mm,1,4520,
U4,SOT-89-3,1,L78L05_SOT89,
U5,SOIC-14_3.9x8.7mm_P1.27mm,1,4013,
U6,SOIC-14_3.9x8.7mm_P1.27mm,1,4011UB,
U7,SOIC-16_3.9x9.9mm_P1.27mm,1,40174,
U8,SOIC-16_3.9x9.9mm_P1.27mm,1,4040,
U9,DIP-28_W15.24mm,1,27C256,
