[{"pos_x": 143.698, "pos_y": -126.078, "rotation": 180.0, "side": "top", "designator": "C9", "mpn": null, "pack": "C_0805_2012Metric_Pad1.18x1.45mm_HandSolder", "value": "100n", "mount_type": "smt", "place": true}, {"pos_x": 132.0, "pos_y": -102.4, "rotation": 0.0, "side": "top", "designator": "J5", "mpn": null, "pack": "PinHeader_1x07_P2.54mm_Vertical", "value": "AUD_C", "mount_type": "tht", "place": true}, {"pos_x": 147.475, "pos_y": -62.0, "rotation": 90.0, "side": "top", "designator": "J9", "mpn": null, "pack": "PinHeader_1x03_P2.54mm_Vertical", "value": "HP_C", "mount_type": "tht", "place": true}, {"pos_x": 145.476, "pos_y": -90.01, "rotation": 0.0, "side": "top", "designator": "R51", "mpn": null, "pack": "R_0805_2012Metric_Pad1.20x1.40mm_HandSolder", "value": "22k 1%", "mount_type": "smt", "place": true}, {"pos_x": 132.522, "pos_y": -94.074, "rotation": -90.0, "side": "top", "designator": "C33", "mpn": null, "pack": "C_1206_3216Metric_Pad1.33x1.80mm_HandSolder", "value": "47u/16V", "mount_type": "smt", "place": true}, {"pos_x": 166.304, "pos_y": -132.682, "rotation": 180.0, "side": "top", "designator": "R9", "mpn": null, "pack": "R_0805_2012Metric_Pad1.20x1.40mm_HandSolder", "value": "22k", "mount_type": "smt", "place": true}, {"pos_x": 145.476, "pos_y": -83.406, "rotation": 0.0, "side": "top", "designator": "R53", "mpn": null, "pack": "R_0805_2012Metric_Pad1.20x1.40mm_HandSolder", "value": "16k 1%", "mount_type": "smt", "place": true}, {"pos_x": 139.38, "pos_y": -82.136, "rotation": 0.0, "side": "top", "designator": "U21", "mpn": null, "pack": "SOIC-8_3.9x4.9mm_P1.27mm", "value": "TL072", "mount_type": "smt", "place": true}, {"pos_x": 136.078, "pos_y": -94.074, "rotation": -90.0, "side": "top", "designator": "C34", "mpn": null, "pack": "C_1206_3216Metric_Pad1.33x1.80mm_HandSolder", "value": "47u/16V", "mount_type": "smt", "place": true}, {"pos_x": 156.144, "pos_y": -106.774, "rotation": 0.0, "side": "top", "designator": "R2", "mpn": null, "pack": "R_0805_2012Metric_Pad1.20x1.40mm_HandSolder", "value": "10k 1%", "mount_type": "smt", "place": true}, {"pos_x": 155.89, "pos_y": -96.614, "rotation": 180.0, "side": "top", "designator": "D4", "mpn": null, "pack": "D_SOD-323", "value": "1N4148WS", "mount_type": "smt", "place": true}, {"pos_x": 155.89, "pos_y": -129.38, "rotation": 0.0, "side": "top", "designator": "R13", "mpn": null, "pack": "R_0805_2012Metric_Pad1.20x1.40mm_HandSolder", "value": "820 1%", "mount_type": "smt", "place": true}, {"pos_x": 133.538, "pos_y": -125.824, "rotation": 180.0, "side": "top", "designator": "D16", "mpn": null, "pack": "D_SOD-323", "value": "1N4148WS", "mount_type": "smt", "place": true}, {"pos_x": 150.0, "pos_y": -115.0, "rotation": 0.0, "side": "top", "designator": "REF**", "mpn": null, "pack": "MountingHole_7.2mm_Pad_9mm", "value": "MountingHole_7.2mm_Pad_9mm", "mount_type": "tht", "place": false}, {"pos_x": 166.304, "pos_y": -125.824, "rotation": 180.0, "side": "top", "designator": "D6", "mpn": null, "pack": "D_SOD-323", "value": "1N4148WS", "mount_type": "smt", "place": true}, {"pos_x": 155.89, "pos_y": -136.492, "rotation": 180.0, "side": "top", "designator": "C8", "mpn": null, "pack": "C_0805_2012Metric_Pad1.18x1.45mm_HandSolder", "value": "100n", "mount_type": "smt", "place": true}, {"pos_x": 155.89, "pos_y": -132.682, "rotation": 0.0, "side": "top", "designator": "R14", "mpn": null, "pack": "R_0805_2012Metric_Pad1.20x1.40mm_HandSolder", "value": "1k 1%", "mount_type": "smt", "place": true}, {"pos_x": 143.952, "pos_y": -106.774, "rotation": 0.0, "side": "top", "designator": "R1", "mpn": null, "pack": "R_0805_2012Metric_Pad1.20x1.40mm_HandSolder", "value": "10k 1%", "mount_type": "smt", "place": true}, {"pos_x": 144.206, "pos_y": -100.17, "rotation": 180.0, "side": "top", "designator": "D3", "mpn": null, "pack": "D_SOD-323", "value": "1N4148WS", "mount_type": "smt", "place": true}, {"pos_x": 150.0, "pos_y": -87.46, "rotation": 0.0, "side": "top", "designator": "J3", "mpn": null, "pack": "PinHeader_1x03_P2.54mm_Vertical", "value": "PWR_C", "mount_type": "tht", "place": true}, {"pos_x": 133.284, "pos_y": -80.866, "rotation": 180.0, "side": "top", "designator": "R52", "mpn": null, "pack": "R_0805_2012Metric_Pad1.20x1.40mm_HandSolder", "value": "16k 1%", "mount_type": "smt", "place": true}, {"pos_x": 139.634, "pos_y": -121.252, "rotation": 0.0, "side": "top", "designator": "R8", "mpn": null, "pack": "R_0805_2012Metric_Pad1.20x1.40mm_HandSolder", "value": "100k 1%", "mount_type": "smt", "place": true}, {"pos_x": 138.678888, "pos_y": -117.188, "rotation": 0.0, "side": "top", "designator": "C4", "mpn": null, "pack": "CP_Radial_D5.0mm_P2.00mm", "value": "10u/50V", "mount_type": "tht", "place": true}, {"pos_x": 133.538, "pos_y": -129.38, "rotation": 180.0, "side": "top", "designator": "R18", "mpn": null, "pack": "R_0805_2012Metric_Pad1.20x1.40mm_HandSolder", "value": "180 1%", "mount_type": "smt", "place": true}, {"pos_x": 145.476, "pos_y": -80.104, "rotation": 180.0, "side": "top", "designator": "C35", "mpn": null, "pack": "C_0805_2012Metric_Pad1.18x1.45mm_HandSolder", "value": "100n", "mount_type": "smt", "place": true}, {"pos_x": 149.794, "pos_y": -137.762, "rotation": 0.0, "side": "top", "designator": "U1", "mpn": null, "pack": "SOIC-14_3.9x8.7mm_P1.27mm", "value": "LM339", "mount_type": "smt", "place": true}, {"pos_x": 139.634, "pos_y": -111.854, "rotation": 180.0, "side": "top", "designator": "R5", "mpn": null, "pack": "R_0805_2012Metric_Pad1.20x1.40mm_HandSolder", "value": "470 1%", "mount_type": "smt", "place": true}, {"pos_x": 143.698, "pos_y": -129.888, "rotation": 0.0, "side": "top", "designator": "R12", "mpn": null, "pack": "R_0805_2012Metric_Pad1.20x1.40mm_HandSolder", "value": "2k 1%", "mount_type": "smt", "place": true}, {"pos_x": 133.284, "pos_y": -87.47, "rotation": 180.0, "side": "top", "designator": "R50", "mpn": null, "pack": "R_0805_2012Metric_Pad1.20x1.40mm_HandSolder", "value": "22k 1%", "mount_type": "smt", "place": true}, {"pos_x": 166.304, "pos_y": -137.0, "rotation": -90.0, "side": "top", "designator": "Q1", "mpn": null, "pack": "SOT-23", "value": "BC857", "mount_type": "smt", "place": true}, {"pos_x": 145.476, "pos_y": -86.708, "rotation": 0.0, "side": "top", "designator": "C32", "mpn": null, "pack": "C_0805_2012Metric_Pad1.18x1.45mm_HandSolder", "value": "47p", "mount_type": "smt", "place": true}, {"pos_x": 133.538, "pos_y": -122.268, "rotation": 0.0, "side": "top", "designator": "D15", "mpn": null, "pack": "D_SOD-323", "value": "1N4148WS", "mount_type": "smt", "place": true}, {"pos_x": 133.284, "pos_y": -77.564, "rotation": 180.0, "side": "top", "designator": "C31", "mpn": null, "pack": "C_0805_2012Metric_Pad1.18x1.45mm_HandSolder", "value": "47p", "mount_type": "smt", "place": true}, {"pos_x": 165.288, "pos_y": -98.9, "rotation": 0.0, "side": "top", "designator": "G***", "mpn": null, "pack": "MeeBilt_small", "value": "LOGO", "mount_type": "tht", "place": true}, {"pos_x": 166.304, "pos_y": -129.38, "rotation": 180.0, "side": "top", "designator": "R10", "mpn": null, "pack": "R_0805_2012Metric_Pad1.20x1.40mm_HandSolder", "value": "180 1%", "mount_type": "smt", "place": true}, {"pos_x": 155.89, "pos_y": -100.17, "rotation": 0.0, "side": "top", "designator": "D2", "mpn": null, "pack": "D_SOD-323", "value": "1N4148WS", "mount_type": "smt", "place": true}, {"pos_x": 143.698, "pos_y": -136.492, "rotation": 180.0, "side": "top", "designator": "C7", "mpn": null, "pack": "C_0805_2012Metric_Pad1.18x1.45mm_HandSolder", "value": "100n", "mount_type": "smt", "place": true}, {"pos_x": 133.538, "pos_y": -137.0, "rotation": -90.0, "side": "top", "designator": "Q2", "mpn": null, "pack": "SOT-23", "value": "BC857", "mount_type": "smt", "place": true}, {"pos_x": 160.208, "pos_y": -111.854, "rotation": 180.0, "side": "top", "designator": "R6", "mpn": null, "pack": "R_0805_2012Metric_Pad1.20x1.40mm_HandSolder", "value": "470 1%", "mount_type": "smt", "place": true}, {"pos_x": 143.698, "pos_y": -139.794, "rotation": 180.0, "side": "top", "designator": "R16", "mpn": null, "pack": "R_0805_2012Metric_Pad1.20x1.40mm_HandSolder", "value": "200 1%", "mount_type": "smt", "place": true}, {"pos_x": 133.538, "pos_y": -132.682, "rotation": 180.0, "side": "top", "designator": "R19", "mpn": null, "pack": "R_0805_2012Metric_Pad1.20x1.40mm_HandSolder", "value": "22k", "mount_type": "smt", "place": true}, {"pos_x": 150.048, "pos_y": -101.694, "rotation": 0.0, "side": "top", "designator": "U12", "mpn": null, "pack": "SOIC-8_3.9x4.9mm_P1.27mm", "value": "TL072", "mount_type": "smt", "place": true}, {"pos_x": 159.252888, "pos_y": -117.188, "rotation": 0.0, "side": "top", "designator": "C3", "mpn": null, "pack": "CP_Radial_D5.0mm_P2.00mm", "value": "10u/50V", "mount_type": "tht", "place": true}, {"pos_x": 156.144, "pos_y": -103.472, "rotation": 0.0, "side": "top", "designator": "R4", "mpn": null, "pack": "R_0805_2012Metric_Pad1.20x1.40mm_HandSolder", "value": "100k 1%", "mount_type": "smt", "place": true}, {"pos_x": 149.794, "pos_y": -127.348, "rotation": 0.0, "side": "top", "designator": "U2", "mpn": null, "pack": "SOIC-14_3.9x8.7mm_P1.27mm", "value": "LM339", "mount_type": "smt", "place": true}, {"pos_x": 133.284, "pos_y": -84.168, "rotation": 180.0, "side": "top", "designator": "C36", "mpn": null, "pack": "C_0805_2012Metric_Pad1.18x1.45mm_HandSolder", "value": "100n", "mount_type": "smt", "place": true}, {"pos_x": 160.208, "pos_y": -121.252, "rotation": 0.0, "side": "top", "designator": "R7", "mpn": null, "pack": "R_0805_2012Metric_Pad1.20x1.40mm_HandSolder", "value": "100k 1%", "mount_type": "smt", "place": true}, {"pos_x": 148.778, "pos_y": -106.012, "rotation": 0.0, "side": "top", "designator": "C6", "mpn": null, "pack": "C_0805_2012Metric_Pad1.18x1.45mm_HandSolder", "value": "100n", "mount_type": "smt", "place": true}, {"pos_x": 151.572, "pos_y": -96.614, "rotation": 180.0, "side": "top", "designator": "C5", "mpn": null, "pack": "C_0805_2012Metric_Pad1.18x1.45mm_HandSolder", "value": "100n", "mount_type": "smt", "place": true}, {"pos_x": 166.32, "pos_y": -141.318, "rotation": 180.0, "side": "top", "designator": "R11", "mpn": null, "pack": "R_0805_2012Metric_Pad1.20x1.40mm_HandSolder", "value": "3k3", "mount_type": "smt", "place": true}, {"pos_x": 166.304, "pos_y": -122.014, "rotation": 0.0, "side": "top", "designator": "D5", "mpn": null, "pack": "D_SOD-323", "value": "1N4148WS", "mount_type": "smt", "place": true}, {"pos_x": 155.89, "pos_y": -126.078, "rotation": 180.0, "side": "top", "designator": "C10", "mpn": null, "pack": "C_0805_2012Metric_Pad1.18x1.45mm_HandSolder", "value": "100n", "mount_type": "smt", "place": true}, {"pos_x": 160.0, "pos_y": -80.0, "rotation": 0.0, "side": "top", "designator": "REF**", "mpn": null, "pack": "MountingHole_7.2mm_Pad_9mm", "value": "MountingHole_7.2mm_Pad_9mm", "mount_type": "tht", "place": false}, {"pos_x": 155.89, "pos_y": -139.794, "rotation": 0.0, "side": "top", "designator": "R15", "mpn": null, "pack": "R_0805_2012Metric_Pad1.20x1.40mm_HandSolder", "value": "820 1%", "mount_type": "smt", "place": true}, {"pos_x": 144.206, "pos_y": -96.868, "rotation": 0.0, "side": "top", "designator": "D1", "mpn": null, "pack": "D_SOD-323", "value": "1N4148WS", "mount_type": "smt", "place": true}, {"pos_x": 133.538, "pos_y": -141.318, "rotation": 180.0, "side": "top", "designator": "R17", "mpn": null, "pack": "R_0805_2012Metric_Pad1.20x1.40mm_HandSolder", "value": "3k3", "mount_type": "smt", "place": true}, {"pos_x": 143.952, "pos_y": -103.472, "rotation": 180.0, "side": "top", "designator": "R3", "mpn": null, "pack": "R_0805_2012Metric_Pad1.20x1.40mm_HandSolder", "value": "100k 1%", "mount_type": "smt", "place": true}, {"pos_x": 160.0, "pos_y": -133.725, "rotation": -90.0, "side": "bottom", "designator": "D9", "mpn": null, "pack": "LED_D3.0mm_Green", "value": "GLED", "mount_type": "tht", "place": true}, {"pos_x": 140.0, "pos_y": -138.725, "rotation": -90.0, "side": "bottom", "designator": "D14", "mpn": null, "pack": "LED_D3.0mm_Green", "value": "GLED", "mount_type": "tht", "place": true}, {"pos_x": 160.0, "pos_y": -138.725, "rotation": -90.0, "side": "bottom", "designator": "D10", "mpn": null, "pack": "LED_D3.0mm_Green", "value": "GLED", "mount_type": "tht", "place": true}, {"pos_x": 160.0, "pos_y": -128.725, "rotation": -90.0, "side": "bottom", "designator": "D8", "mpn": null, "pack": "LED_D3.0mm_Yellow", "value": "YLED", "mount_type": "tht", "place": true}, {"pos_x": 140.0, "pos_y": -70.0, "rotation": -90.0, "side": "bottom", "designator": "J12", "mpn": null, "pack": "Jack_3.5mm_QingPu_WQP-PJ366ST_Vertical", "value": "HP_OUT", "mount_type": "tht", "place": true}, {"pos_x": 140.0, "pos_y": -123.725, "rotation": -90.0, "side": "bottom", "designator": "D11", "mpn": null, "pack": "LED_D3.0mm_Red", "value": "RLED", "mount_type": "tht", "place": true}, {"pos_x": 160.0, "pos_y": -123.725, "rotation": -90.0, "side": "bottom", "designator": "D7", "mpn": null, "pack": "LED_D3.0mm_Red", "value": "RLED", "mount_type": "tht", "place": true}, {"pos_x": 160.0, "pos_y": -100.0, "rotation": 0.0, "side": "bottom", "designator": "J1", "mpn": null, "pack": "Jack_3.5mm_QingPu_WQP-PJ398SM_Vertical_CircularHoles", "value": "IN_L_MONO", "mount_type": "tht", "place": true}, {"pos_x": 140.0, "pos_y": -133.725, "rotation": -90.0, "side": "bottom", "designator": "D13", "mpn": null, "pack": "LED_D3.0mm_Green", "value": "GLED", "mount_type": "tht", "place": true}, {"pos_x": 140.0, "pos_y": -128.725, "rotation": -90.0, "side": "bottom", "designator": "D12", "mpn": null, "pack": "LED_D3.0mm_Yellow", "value": "YLED", "mount_type": "tht", "place": true}, {"pos_x": 140.0, "pos_y": -100.0, "rotation": 0.0, "side": "bottom", "designator": "J2", "mpn": null, "pack": "Jack_3.5mm_QingPu_WQP-PJ398SM_Vertical_CircularHoles", "value": "IN_R", "mount_type": "tht", "place": true}]