Designator,Footprint,Quantity,Value,LCSC Part #
"C1, C9",0805,2,1uF,
"C10, C4, C5, C7, C8",0805,5,100nF,
C11,C_Rect_L7.2mm_W3.0mm_P5.00mm_FKS2_FKP2_MKS2_MKP2,1,220nF,
"C2, C3",CP_Radial_D5.0mm_P2.00mm,2,10uF/50V LP,
C6,C_Rect_L11.0mm_W2.8mm_P10.00mm_MKT,1,220nF,
"D1, D2",D_SOD-323_HandSoldering,2,1N4148WS,
D3,LED_D3.0mm_Red,1,RED LED,
J1,Jack_3.5mm_QingPu_WQP-PJ398SM_Vertical_CircularHoles,1,SIG_IN,
J2,Jack_3.5mm_QingPu_WQP-PJ398SM_Vertical_CircularHoles,1,TRIG_IN,
J3,IDC-Header_2x05_P2.54mm_Vertical,1,PWR,
J4,Jack_3.5mm_QingPu_WQP-PJ398SM_Vertical_CircularHoles,1,SH_OUT,
J5,Jack_3.5mm_QingPu_WQP-PJ398SM_Vertical_CircularHoles,1,WHT_NOISE,
Q1,SOT-23,1,MMBFJ113,
"Q2, Q3",SOT-23,2,BC847,
"R1, R2, R3, R6, R7, R9",0805,6,100k,
"R10, R11, R13",0805,3,1k,
R12,0805,1,10k,
R4,0805,1,33k,
R5,0805,1,1M,
R8,0805,1,680,
RV1,Potentiometer_SH_RK0904N_Short_Trimmer,1,B100K,
"U1, U2",SOIC-8_3.9x4.9mm_P1.27mm,2,TL072,
