[{"pos_x": 160.264, "pos_y": -131.826, "rotation": 180.0, "side": "top", "designator": "R43", "mpn": null, "pack": "R_0805_2012Metric_Pad1.20x1.40mm_HandSolder", "value": "100 1%", "mount_type": "smt", "place": true}, {"pos_x": 166.36, "pos_y": -115.062, "rotation": 180.0, "side": "top", "designator": "R49", "mpn": null, "pack": "R_0805_2012Metric_Pad1.20x1.40mm_HandSolder", "value": "1k 1%", "mount_type": "smt", "place": true}, {"pos_x": 144.008, "pos_y": -68.326, "rotation": 0.0, "side": "top", "designator": "R24", "mpn": null, "pack": "R_0805_2012Metric_Pad1.20x1.40mm_HandSolder", "value": "1k", "mount_type": "smt", "place": true}, {"pos_x": 164.836, "pos_y": -60.198, "rotation": 0.0, "side": "top", "designator": "U17", "mpn": null, "pack": "SOIC-8_3.9x4.9mm_P1.27mm", "value": "NE5532", "mount_type": "smt", "place": true}, {"pos_x": 163.312, "pos_y": -65.8075, "rotation": -90.0, "side": "top", "designator": "C22", "mpn": null, "pack": "C_0805_2012Metric_Pad1.18x1.45mm_HandSolder", "value": "100n", "mount_type": "smt", "place": true}, {"pos_x": 165.7525, "pos_y": -94.0, "rotation": 180.0, "side": "top", "designator": "J6", "mpn": null, "pack": "IDC-Header_2x05_P2.54mm_Vertical", "value": "PWR", "mount_type": "tht", "place": true}, {"pos_x": 140.452, "pos_y": -60.706, "rotation": 90.0, "side": "top", "designator": "C14", "mpn": null, "pack": "C_0805_2012Metric_Pad1.18x1.45mm_HandSolder", "value": "100n", "mount_type": "smt", "place": true}, {"pos_x": 166.36, "pos_y": -121.666, "rotation": 0.0, "side": "top", "designator": "R47", "mpn": null, "pack": "R_0805_2012Metric_Pad1.20x1.40mm_HandSolder", "value": "2k 1%", "mount_type": "smt", "place": true}, {"pos_x": 137.658, "pos_y": -80.772, "rotation": 0.0, "side": "top", "designator": "U13", "mpn": null, "pack": "SOIC-14_3.9x8.7mm_P1.27mm", "value": "TL074", "mount_type": "smt", "place": true}, {"pos_x": 145.532, "pos_y": -59.944, "rotation": 0.0, "side": "top", "designator": "U14", "mpn": null, "pack": "SOIC-8_3.9x4.9mm_P1.27mm", "value": "NE5532", "mount_type": "smt", "place": true}, {"pos_x": 146.548, "pos_y": -125.222, "rotation": 180.0, "side": "top", "designator": "C25", "mpn": null, "pack": "C_0805_2012Metric_Pad1.18x1.45mm_HandSolder", "value": "100n", "mount_type": "smt", "place": true}, {"pos_x": 162.042, "pos_y": -56.134, "rotation": 180.0, "side": "top", "designator": "C15", "mpn": null, "pack": "C_0805_2012Metric_Pad1.18x1.45mm_HandSolder", "value": "100n", "mount_type": "smt", "place": true}, {"pos_x": 144.008, "pos_y": -65.024, "rotation": 180.0, "side": "top", "designator": "R26", "mpn": null, "pack": "R_0805_2012Metric_Pad1.20x1.40mm_HandSolder", "value": "1k", "mount_type": "smt", "place": true}, {"pos_x": 166.614, "pos_y": -56.134, "rotation": 0.0, "side": "top", "designator": "C21", "mpn": null, "pack": "C_0805_2012Metric_Pad1.18x1.45mm_HandSolder", "value": "100n", "mount_type": "smt", "place": true}, {"pos_x": 154.168, "pos_y": -125.222, "rotation": 0.0, "side": "top", "designator": "R37", "mpn": null, "pack": "R_0805_2012Metric_Pad1.20x1.40mm_HandSolder", "value": "100 1%", "mount_type": "smt", "place": true}, {"pos_x": 137.658, "pos_y": -73.914, "rotation": 0.0, "side": "top", "designator": "R20", "mpn": null, "pack": "R_0805_2012Metric_Pad1.20x1.40mm_HandSolder", "value": "1k", "mount_type": "smt", "place": true}, {"pos_x": 140.452, "pos_y": -131.826, "rotation": 180.0, "side": "top", "designator": "R44", "mpn": null, "pack": "R_0805_2012Metric_Pad1.20x1.40mm_HandSolder", "value": "100 1%", "mount_type": "smt", "place": true}, {"pos_x": 133.086, "pos_y": -52.324, "rotation": 90.0, "side": "top", "designator": "R29", "mpn": null, "pack": "R_0805_2012Metric_Pad1.20x1.40mm_HandSolder", "value": "10", "mount_type": "smt", "place": true}, {"pos_x": 160.264, "pos_y": -126.746, "rotation": 0.0, "side": "top", "designator": "U18", "mpn": null, "pack": "SOIC-8_3.9x4.9mm_P1.27mm", "value": "NE5532", "mount_type": "smt", "place": true}, {"pos_x": 166.36, "pos_y": -131.572, "rotation": 180.0, "side": "top", "designator": "R42", "mpn": null, "pack": "R_0805_2012Metric_Pad1.20x1.40mm_HandSolder", "value": "100 1%", "mount_type": "smt", "place": true}, {"pos_x": 137.658, "pos_y": -87.63, "rotation": 0.0, "side": "top", "designator": "R21", "mpn": null, "pack": "R_0805_2012Metric_Pad1.20x1.40mm_HandSolder", "value": "1k", "mount_type": "smt", "place": true}, {"pos_x": 166.36, "pos_y": -101.854, "rotation": 0.0, "side": "top", "designator": "R46", "mpn": null, "pack": "R_0805_2012Metric_Pad1.20x1.40mm_HandSolder", "value": "2k 1%", "mount_type": "smt", "place": true}, {"pos_x": 156.0, "pos_y": -91.0, "rotation": -90.0, "side": "top", "designator": "C2", "mpn": null, "pack": "CP_Radial_D6.3mm_P2.50mm", "value": "100u/25V", "mount_type": "tht", "place": true}, {"pos_x": 143.754, "pos_y": -74.168, "rotation": 180.0, "side": "top", "designator": "C17", "mpn": null, "pack": "C_0805_2012Metric_Pad1.18x1.45mm_HandSolder", "value": "100p", "mount_type": "smt", "place": true}, {"pos_x": 146.548, "pos_y": -128.524, "rotation": 0.0, "side": "top", "designator": "R41", "mpn": null, "pack": "R_0805_2012Metric_Pad1.20x1.40mm_HandSolder", "value": "10k 1%", "mount_type": "smt", "place": true}, {"pos_x": 139.69, "pos_y": -52.324, "rotation": 90.0, "side": "top", "designator": "R31", "mpn": null, "pack": "R_0805_2012Metric_Pad1.20x1.40mm_HandSolder", "value": "10", "mount_type": "smt", "place": true}, {"pos_x": 156.0, "pos_y": -83.0, "rotation": -90.0, "side": "top", "designator": "C1", "mpn": null, "pack": "CP_Radial_D6.3mm_P2.50mm", "value": "100u/25V", "mount_type": "tht", "place": true}, {"pos_x": 167.376, "pos_y": -52.324, "rotation": 90.0, "side": "top", "designator": "R32", "mpn": null, "pack": "R_0805_2012Metric_Pad1.20x1.40mm_HandSolder", "value": "10", "mount_type": "smt", "place": true}, {"pos_x": 132.451, "pos_y": -81.788, "rotation": 90.0, "side": "top", "designator": "C11", "mpn": null, "pack": "C_0805_2012Metric_Pad1.18x1.45mm_HandSolder", "value": "100n", "mount_type": "smt", "place": true}, {"pos_x": 136.134, "pos_y": -55.88, "rotation": 0.0, "side": "top", "designator": "C19", "mpn": null, "pack": "C_0805_2012Metric_Pad1.18x1.45mm_HandSolder", "value": "100n", "mount_type": "smt", "place": true}, {"pos_x": 136.388, "pos_y": -52.324, "rotation": 90.0, "side": "top", "designator": "R28", "mpn": null, "pack": "R_0805_2012Metric_Pad1.20x1.40mm_HandSolder", "value": "10", "mount_type": "smt", "place": true}, {"pos_x": 141.722, "pos_y": -119.126, "rotation": 180.0, "side": "top", "designator": "R39", "mpn": null, "pack": "R_0805_2012Metric_Pad1.20x1.40mm_HandSolder", "value": "10k 1%", "mount_type": "smt", "place": true}, {"pos_x": 166.36, "pos_y": -128.27, "rotation": 0.0, "side": "top", "designator": "R40", "mpn": null, "pack": "R_0805_2012Metric_Pad1.20x1.40mm_HandSolder", "value": "10k 1%", "mount_type": "smt", "place": true}, {"pos_x": 154.676, "pos_y": -68.072, "rotation": 0.0, "side": "top", "designator": "R25", "mpn": null, "pack": "R_0805_2012Metric_Pad1.20x1.40mm_HandSolder", "value": "1k", "mount_type": "smt", "place": true}, {"pos_x": 164.074, "pos_y": -52.324, "rotation": 90.0, "side": "top", "designator": "R33", "mpn": null, "pack": "R_0805_2012Metric_Pad1.20x1.40mm_HandSolder", "value": "10", "mount_type": "smt", "place": true}, {"pos_x": 156.2, "pos_y": -58.293, "rotation": 0.0, "side": "top", "designator": "U15", "mpn": null, "pack": "SOIC-8_3.9x4.9mm_P1.27mm", "value": "NE5532", "mount_type": "smt", "place": true}, {"pos_x": 143.754, "pos_y": -84.074, "rotation": 0.0, "side": "top", "designator": "R23", "mpn": null, "pack": "R_0805_2012Metric_Pad1.20x1.40mm_HandSolder", "value": "1k", "mount_type": "smt", "place": true}, {"pos_x": 143.754, "pos_y": -77.47, "rotation": 180.0, "side": "top", "designator": "R22", "mpn": null, "pack": "R_0805_2012Metric_Pad1.20x1.40mm_HandSolder", "value": "1k", "mount_type": "smt", "place": true}, {"pos_x": 143.754, "pos_y": -80.772, "rotation": 0.0, "side": "top", "designator": "C12", "mpn": null, "pack": "C_0805_2012Metric_Pad1.18x1.45mm_HandSolder", "value": "100n", "mount_type": "smt", "place": true}, {"pos_x": 154.168, "pos_y": -128.524, "rotation": 180.0, "side": "top", "designator": "C24", "mpn": null, "pack": "C_0805_2012Metric_Pad1.18x1.45mm_HandSolder", "value": "100n", "mount_type": "smt", "place": true}, {"pos_x": 147.31, "pos_y": -55.88, "rotation": 0.0, "side": "top", "designator": "C13", "mpn": null, "pack": "C_0805_2012Metric_Pad1.18x1.45mm_HandSolder", "value": "100n", "mount_type": "smt", "place": true}, {"pos_x": 134.356, "pos_y": -59.944, "rotation": 0.0, "side": "top", "designator": "U16", "mpn": null, "pack": "SOIC-8_3.9x4.9mm_P1.27mm", "value": "NE5532", "mount_type": "smt", "place": true}, {"pos_x": 140.452, "pos_y": -127.0, "rotation": 0.0, "side": "top", "designator": "U19", "mpn": null, "pack": "SOIC-8_3.9x4.9mm_P1.27mm", "value": "NE5532", "mount_type": "smt", "place": true}, {"pos_x": 166.36, "pos_y": -108.458, "rotation": 180.0, "side": "top", "designator": "R48", "mpn": null, "pack": "R_0805_2012Metric_Pad1.20x1.40mm_HandSolder", "value": "1k 1%", "mount_type": "smt", "place": true}, {"pos_x": 160.264, "pos_y": -111.76, "rotation": 0.0, "side": "top", "designator": "U20", "mpn": null, "pack": "SOIC-14_3.9x8.7mm_P1.27mm", "value": "TL074", "mount_type": "smt", "place": true}, {"pos_x": 132.8105, "pos_y": -64.262, "rotation": 0.0, "side": "top", "designator": "C20", "mpn": null, "pack": "C_0805_2012Metric_Pad1.18x1.45mm_HandSolder", "value": "100n", "mount_type": "smt", "place": true}, {"pos_x": 154.676, "pos_y": -64.77, "rotation": 180.0, "side": "top", "designator": "R27", "mpn": null, "pack": "R_0805_2012Metric_Pad1.20x1.40mm_HandSolder", "value": "1k", "mount_type": "smt", "place": true}, {"pos_x": 154.168, "pos_y": -121.92, "rotation": 0.0, "side": "top", "designator": "R36", "mpn": null, "pack": "R_0805_2012Metric_Pad1.20x1.40mm_HandSolder", "value": "10k 1%", "mount_type": "smt", "place": true}, {"pos_x": 166.36, "pos_y": -111.76, "rotation": 0.0, "side": "top", "designator": "C28", "mpn": null, "pack": "C_0805_2012Metric_Pad1.18x1.45mm_HandSolder", "value": "100n", "mount_type": "smt", "place": true}, {"pos_x": 157.343, "pos_y": -52.324, "rotation": 90.0, "side": "top", "designator": "R35", "mpn": null, "pack": "R_0805_2012Metric_Pad1.20x1.40mm_HandSolder", "value": "10", "mount_type": "smt", "place": true}, {"pos_x": 166.36, "pos_y": -118.364, "rotation": 180.0, "side": "top", "designator": "C30", "mpn": null, "pack": "C_0805_2012Metric_Pad1.18x1.45mm_HandSolder", "value": "100p", "mount_type": "smt", "place": true}, {"pos_x": 134.356, "pos_y": -128.778, "rotation": 180.0, "side": "top", "designator": "C26", "mpn": null, "pack": "C_0805_2012Metric_Pad1.18x1.45mm_HandSolder", "value": "100n", "mount_type": "smt", "place": true}, {"pos_x": 143.246, "pos_y": -52.324, "rotation": 90.0, "side": "top", "designator": "R30", "mpn": null, "pack": "R_0805_2012Metric_Pad1.20x1.40mm_HandSolder", "value": "10", "mount_type": "smt", "place": true}, {"pos_x": 146.548, "pos_y": -131.826, "rotation": 180.0, "side": "top", "designator": "R45", "mpn": null, "pack": "R_0805_2012Metric_Pad1.20x1.40mm_HandSolder", "value": "100 1%", "mount_type": "smt", "place": true}, {"pos_x": 141.722, "pos_y": -122.428, "rotation": 180.0, "side": "top", "designator": "R38", "mpn": null, "pack": "R_0805_2012Metric_Pad1.20x1.40mm_HandSolder", "value": "100 1%", "mount_type": "smt", "place": true}, {"pos_x": 143.754, "pos_y": -87.376, "rotation": 0.0, "side": "top", "designator": "C18", "mpn": null, "pack": "C_0805_2012Metric_Pad1.18x1.45mm_HandSolder", "value": "100p", "mount_type": "smt", "place": true}, {"pos_x": 151.12, "pos_y": -58.928, "rotation": 90.0, "side": "top", "designator": "C16", "mpn": null, "pack": "C_0805_2012Metric_Pad1.18x1.45mm_HandSolder", "value": "100n", "mount_type": "smt", "place": true}, {"pos_x": 166.36, "pos_y": -124.968, "rotation": 180.0, "side": "top", "designator": "C23", "mpn": null, "pack": "C_0805_2012Metric_Pad1.18x1.45mm_HandSolder", "value": "100n", "mount_type": "smt", "place": true}, {"pos_x": 154.168, "pos_y": -111.76, "rotation": 0.0, "side": "top", "designator": "C27", "mpn": null, "pack": "C_0805_2012Metric_Pad1.18x1.45mm_HandSolder", "value": "100n", "mount_type": "smt", "place": true}, {"pos_x": 160.772, "pos_y": -52.324, "rotation": 90.0, "side": "top", "designator": "R34", "mpn": null, "pack": "R_0805_2012Metric_Pad1.20x1.40mm_HandSolder", "value": "10", "mount_type": "smt", "place": true}, {"pos_x": 144.516, "pos_y": -98.298, "rotation": 90.0, "side": "top", "designator": "G***", "mpn": null, "pack": "MeeBilt_small", "value": "LOGO", "mount_type": "tht", "place": true}, {"pos_x": 166.36, "pos_y": -105.156, "rotation": 180.0, "side": "top", "designator": "C29", "mpn": null, "pack": "C_0805_2012Metric_Pad1.18x1.45mm_HandSolder", "value": "100p", "mount_type": "smt", "place": true}, {"pos_x": 150.025, "pos_y": -77.475, "rotation": 180.0, "side": "bottom", "designator": "J4", "mpn": null, "pack": "PinSocket_1x03_P2.54mm_Vertical", "value": "PWR_M", "mount_type": "tht", "place": true}, {"pos_x": 160.0, "pos_y": -70.0, "rotation": 90.0, "side": "bottom", "designator": "RV1", "mpn": null, "pack": "Potentiometer_Bourns_PRS12R_Vertical", "value": "B10Kx2", "mount_type": "tht", "place": true}, {"pos_x": 140.0, "pos_y": -142.0, "rotation": 180.0, "side": "bottom", "designator": "J11", "mpn": null, "pack": "Vertical 6.35mm TRS Jack Amp ACJS-MV-3", "value": "RIGHT_BAL_OUT", "mount_type": "tht", "place": true}, {"pos_x": 160.0, "pos_y": -142.0, "rotation": 180.0, "side": "bottom", "designator": "J10", "mpn": null, "pack": "Vertical 6.35mm TRS Jack Amp ACJS-MV-3", "value": "LEFT_BAL_OUT", "mount_type": "tht", "place": true}, {"pos_x": 132.025, "pos_y": -92.4, "rotation": 180.0, "side": "bottom", "designator": "J7", "mpn": null, "pack": "PinSocket_1x07_P2.54mm_Vertical", "value": "AUD_M", "mount_type": "tht", "place": true}, {"pos_x": 150.0, "pos_y": -105.0, "rotation": 180.0, "side": "bottom", "designator": "RV2", "mpn": null, "pack": "Potentiometer_Bourns_PRS12R_Vertical", "value": "B10Kx2", "mount_type": "tht", "place": true}, {"pos_x": 147.475, "pos_y": -52.0, "rotation": -90.0, "side": "bottom", "designator": "J8", "mpn": null, "pack": "PinSocket_1x03_P2.54mm_Vertical", "value": "HP_M", "mount_type": "tht", "place": true}]