Designator,Footprint,Quantity,Value,LCSC Part #
C1,0805,1,220n,
"C10, C5, C6",CP_Radial_D5.0mm_P2.00mm,3,10u/50V LP,
"C11, C12, C13, C14, C15, C17, C18, C2, C22, C7, C8",0805,11,100n,
"C16, C23, C9",0805,3,1n,
"C19, C25",1206,2,10u/16V,
C20,0805,1,1n2,
C21,0805,1,2n7,
C24,0805,1,390p,
C26,0805,1,10n,
C3,0805,1,100p,
C4,0805,1,470p,
"D1, D3, D4",D_SOD-323_HandSoldering,3,1N4148WS,
D2,LED_D3.0mm_Red,1,RLED,
J1,Jack_3.5mm_QingPu_WQP-PJ398SM_Vertical_CircularHoles,1,TRIG,
J2,Jack_3.5mm_QingPu_WQP-PJ398SM_Vertical_CircularHoles,1,VEL,
J3,IDC-Header_2x05_P2.54mm_Vertical,1,PWR,
J4,Jack_3.5mm_QingPu_WQP-PJ398SM_Vertical_CircularHoles,1,OUT,
J5,Jack_3.5mm_QingPu_WQP-PJ398SM_Vertical_CircularHoles,1,VOICE,
"Q1, Q2",SOT-23,2,BC859,
"Q3, Q4, Q5, Q6",SOT-23,4,BC849,
"R1, R4",0805,2,22k,
"R10, R2, R43, R44, R46, R49, R50, R9",0805,8,10k,
"R11, R3, R5, R52, R53, R55",0805,6,100k,
"R12, R47",0805,2,1k,
"R13, R17, R18, R38, R39, R45",0805,6,20k 1%,
"R14, R15, R16, R35, R36, R37",0805,6,160k 1%,
"R19, R20, R21, R40, R41, R42",0805,6,10k 1%,
"R22, R7",0805,2,4k7,
"R23, R26, R28, R54",0805,4,2k2,
R24,0805,1,330k,
R25,0805,1,220,
R27,0805,1,100,
R29,0805,1,22,
"R30, R48, R51",0805,3,47k,
"R31, R32, R33, R34",0805,4,5k6,
R6,0805,1,6k8,
R8,0805,1,33k,
RV1,Potentiometer_Alpha_RD901F-40-00D_Single_Vertical,1,B10K,
SW1,CherryMX_1.00u,1,TRIG,
SW2,SW_SMTS-102_SPDT_Toggle_Switch,1,VOICE,
U1,SOIC-14_3.9x8.7mm_P1.27mm,1,4011UB,
U2,SOIC-8_3.9x4.9mm_P1.27mm,1,LM393,
U3,SOIC-14_3.9x8.7mm_P1.27mm,1,TL074,
U4,SOIC-14_3.9x8.7mm_P1.27mm,1,4013,
U5,SOT-89-3,1,L78L05_SOT89,
U6,SOIC-16_3.9x9.9mm_P1.27mm,1,4520,
U7,SOIC-16_3.9x9.9mm_P1.27mm,1,4040,
U8,DIP-28_W15.24mm,1,27C256,
U9,SOIC-16_3.9x9.9mm_P1.27mm,1,40174,
