Designator,Footprint,Quantity,Value,LCSC Part #
C1,CP_Radial_D5.0mm_P2.00mm,1,10uF/50V LP,
"C2, C5",C_Disc_D4.7mm_W2.5mm_P5.00mm,2,100nF,
"C3, C4",C_Disc_D5.0mm_W2.5mm_P2.50mm,2,1nF,
D1,LED_D3.0mm_Red,1,RED LED,
"D2, D3",D_DO-35_SOD27_P7.62mm_Horizontal,2,1N4148,
D4,D_DO-41_SOD81_P10.16mm_Horizontal,1,1N4001,
J1,BarrelJack_Horizontal,1,DC-jack 5.5/2.1mm,
M1,PinHeader_1x04_P2.54mm_Horizontal,1,Fan_4pin,
"Q1, Q2",TO-92_HandSolder,2,BC547,
Q3,TO-220-3_Horizontal_TabDown,1,STP55NF06L,
"R1, R6, R8",R_Axial_DIN0207_L6.3mm_D2.5mm_P10.16mm_Horizontal,3,100k,
"R10, R3",R_Axial_DIN0207_L6.3mm_D2.5mm_P10.16mm_Horizontal,2,220k,
"R11, R2, R4, R9",R_Axial_DIN0207_L6.3mm_D2.5mm_P10.16mm_Horizontal,4,4k7,
R12,R_Axial_DIN0207_L6.3mm_D2.5mm_P10.16mm_Horizontal,1,3k3,
"R5, R7",R_Axial_DIN0207_L6.3mm_D2.5mm_P10.16mm_Horizontal,2,47k,
SW1,CherryMX_1.00u,1,SW_Push,
