Designator,Footprint,Quantity,Value,LCSC Part #
D17,D_SOD-323,1,1N4148WS,
D3,D_SOD-323,1,1N4148WS,
R42,R_0805_2012Metric_Pad1.20x1.40mm_HandSolder,1,10k,
R50,R_0805_2012Metric_Pad1.20x1.40mm_HandSolder,1,1k,
R6,R_0805_2012Metric_Pad1.20x1.40mm_HandSolder,1,1k,
R7,R_0805_2012Metric_Pad1.20x1.40mm_HandSolder,1,47,
R15,R_0805_2012Metric_Pad1.20x1.40mm_HandSolder,1,22k,
R67,R_0805_2012Metric_Pad1.20x1.40mm_HandSolder,1,47,
D6,D_SOD-323,1,1N4148WS,
R12,R_0805_2012Metric_Pad1.20x1.40mm_HandSolder,1,6k8,
R49,R_0805_2012Metric_Pad1.20x1.40mm_HandSolder,1,100k,
C19,C_0805_2012Metric_Pad1.18x1.45mm_HandSolder,1,100n,
R33,R_0805_2012Metric_Pad1.20x1.40mm_HandSolder,1,1M,
R43,R_0805_2012Metric_Pad1.20x1.40mm_HandSolder,1,10k,
R61,R_0805_2012Metric_Pad1.20x1.40mm_HandSolder,1,22k,
Q15,TO-92E_Inline,1,ZTX1051A,
R53,R_0805_2012Metric_Pad1.20x1.40mm_HandSolder,1,470k,
C6,C_0805_2012Metric_Pad1.18x1.45mm_HandSolder,1,22n,
R16,R_0805_2012Metric_Pad1.20x1.40mm_HandSolder,1,22k,
Q13,SOT-23,1,BC847,
D7,D_SOD-323,1,1N4148WS,
C20,C_0805_2012Metric_Pad1.18x1.45mm_HandSolder,1,6n8,
R37,R_0805_2012Metric_Pad1.20x1.40mm_HandSolder,1,47k,
R64,R_0805_2012Metric_Pad1.20x1.40mm_HandSolder,1,22k,
C2,C_0805_2012Metric_Pad1.18x1.45mm_HandSolder,1,470n,
J4,PinSocket_1x04_P2.54mm_Vertical,1,Conn_01x04,
C21,C_0805_2012Metric_Pad1.18x1.45mm_HandSolder,1,100p,
R24,R_0805_2012Metric_Pad1.20x1.40mm_HandSolder,1,100k,
R14,R_0805_2012Metric_Pad1.20x1.40mm_HandSolder,1,10k,
R36,R_0805_2012Metric_Pad1.20x1.40mm_HandSolder,1,100k,
C27,C_0805_2012Metric_Pad1.18x1.45mm_HandSolder,1,4n7,
Q2,SOT-23,1,MMBT5089L,
Q12,SOT-23,1,BC847,
U3,SOIC-14_3.9x8.7mm_P1.27mm,1,TL074,
R11,R_0805_2012Metric_Pad1.20x1.40mm_HandSolder,1,22k,
D14,D_SOD-323,1,1N4148WS,
C4,C_0805_2012Metric_Pad1.18x1.45mm_HandSolder,1,10n,
C11,C_0805_2012Metric_Pad1.18x1.45mm_HandSolder,1,220p,
C14,C_0805_2012Metric_Pad1.18x1.45mm_HandSolder,1,100n,
R5,R_0805_2012Metric_Pad1.20x1.40mm_HandSolder,1,4k7,
R30,R_0805_2012Metric_Pad1.20x1.40mm_HandSolder,1,22k,
C17,C_0805_2012Metric_Pad1.18x1.45mm_HandSolder,1,100n,
Q6,SOT-23,1,BC857,
R35,R_0805_2012Metric_Pad1.20x1.40mm_HandSolder,1,10k,
C22,C_0805_2012Metric_Pad1.18x1.45mm_HandSolder,1,47n,
D15,D_SOD-323,1,1N4148WS,
C16,CP_Radial_D5.0mm_P2.00mm,1,10u/50V,
R29,R_0805_2012Metric_Pad1.20x1.40mm_HandSolder,1,22k,
R34,R_0805_2012Metric_Pad1.20x1.40mm_HandSolder,1,10k,
R46,R_0805_2012Metric_Pad1.20x1.40mm_HandSolder,1,100k,
Q11,SOT-23,1,BC847,
C30,C_0805_2012Metric_Pad1.18x1.45mm_HandSolder,1,1u,
Q9,SOT-23,1,BC847,
R32,R_0805_2012Metric_Pad1.20x1.40mm_HandSolder,1,10k,
Q1,SOT-23,1,MMBT5089L,
D18,D_SOD-323,1,1N4148WS,
R39,R_0805_2012Metric_Pad1.20x1.40mm_HandSolder,1,100k,
D16,D_SOD-323,1,1N4148WS,
C1,C_0805_2012Metric_Pad1.18x1.45mm_HandSolder,1,10p,
C7,C_0805_2012Metric_Pad1.18x1.45mm_HandSolder,1,2n2,
C26,C_0805_2012Metric_Pad1.18x1.45mm_HandSolder,1,100n,
D2,D_SOD-323,1,1N4148WS,
Q3,SOT-23,1,BC847,
R58,R_0805_2012Metric_Pad1.20x1.40mm_HandSolder,1,10k,
R41,R_0805_2012Metric_Pad1.20x1.40mm_HandSolder,1,1M,
C3,C_0805_2012Metric_Pad1.18x1.45mm_HandSolder,1,470n,
R17,R_0805_2012Metric_Pad1.20x1.40mm_HandSolder,1,3k3,
R2,R_0805_2012Metric_Pad1.20x1.40mm_HandSolder,1,47k,
U2,SOIC-14_3.9x8.7mm_P1.27mm,1,TL074,
R21,R_0805_2012Metric_Pad1.20x1.40mm_HandSolder,1,100k,
R59,R_0805_2012Metric_Pad1.20x1.40mm_HandSolder,1,1k5,
C24,C_0805_2012Metric_Pad1.18x1.45mm_HandSolder,1,6n8,
R18,R_0805_2012Metric_Pad1.20x1.40mm_HandSolder,1,220k,
Q5,SOT-23,1,BC857,
R40,R_0805_2012Metric_Pad1.20x1.40mm_HandSolder,1,100k,
D1,D_SOD-323,1,1N4148WS,
Q8,SOT-23,1,BC847,
C25,C_0805_2012Metric_Pad1.18x1.45mm_HandSolder,1,10n,
C10,C_0805_2012Metric_Pad1.18x1.45mm_HandSolder,1,3n3,
R69,R_0805_2012Metric_Pad1.20x1.40mm_HandSolder,1,220k,
R51,R_0805_2012Metric_Pad1.20x1.40mm_HandSolder,1,100k,
C15,CP_Radial_D5.0mm_P2.00mm,1,10u/50V,
R63,R_0805_2012Metric_Pad1.20x1.40mm_HandSolder,1,100k,
R48,R_0805_2012Metric_Pad1.20x1.40mm_HandSolder,1,100k,
R4,R_0805_2012Metric_Pad1.20x1.40mm_HandSolder,1,47,
R68,R_0805_2012Metric_Pad1.20x1.40mm_HandSolder,1,220k,
R31,R_0805_2012Metric_Pad1.20x1.40mm_HandSolder,1,100k,
R9,R_0805_2012Metric_Pad1.20x1.40mm_HandSolder,1,220k,
D5,D_SOD-323,1,1N4148WS,
C8,C_0805_2012Metric_Pad1.18x1.45mm_HandSolder,1,2n2,
D10,D_SOD-323,1,1N4148WS,
C28,C_0805_2012Metric_Pad1.18x1.45mm_HandSolder,1,47n,
Q10,SOT-23,1,BC847,
R19,R_0805_2012Metric_Pad1.20x1.40mm_HandSolder,1,100k,
U7,SOIC-14_3.9x8.7mm_P1.27mm,1,4069UB,
R8,R_0805_2012Metric_Pad1.20x1.40mm_HandSolder,1,2k2,
R13,R_0805_2012Metric_Pad1.20x1.40mm_HandSolder,1,47k,
D4,D_SOD-323,1,1N4148WS,
R70,R_0805_2012Metric_Pad1.20x1.40mm_HandSolder,1,100k,
R73,R_0805_2012Metric_Pad1.20x1.40mm_HandSolder,1,10k,
Q4,SOT-23,1,BC857,
D11,D_SOD-323,1,1N4148WS,
R10,R_0805_2012Metric_Pad1.20x1.40mm_HandSolder,1,100k,
Q7,SOT-23,1,BC847,
D13,D_SOD-323,1,1N4148WS,
R55,R_0805_2012Metric_Pad1.20x1.40mm_HandSolder,1,100k,
J5,PinSocket_1x04_P2.54mm_Vertical,1,Conn_01x04,
R22,R_0805_2012Metric_Pad1.20x1.40mm_HandSolder,1,10k,
Q14,TO-92E_Inline,1,ZTX1051A,
C12,C_0805_2012Metric_Pad1.18x1.45mm_HandSolder,1,100n,
U1,SOIC-14_3.9x8.7mm_P1.27mm,1,TL074,
R71,R_0805_2012Metric_Pad1.20x1.40mm_HandSolder,1,22k,
R62,R_0805_2012Metric_Pad1.20x1.40mm_HandSolder,1,220k,
R65,R_0805_2012Metric_Pad1.20x1.40mm_HandSolder,1,10k,
C13,C_0805_2012Metric_Pad1.18x1.45mm_HandSolder,1,100n,
C31,C_0805_2012Metric_Pad1.18x1.45mm_HandSolder,1,1u,
R60,R_0805_2012Metric_Pad1.20x1.40mm_HandSolder,1,47,
R28,R_0805_2012Metric_Pad1.20x1.40mm_HandSolder,1,100,
R47,R_0805_2012Metric_Pad1.20x1.40mm_HandSolder,1,100k,
R44,R_0805_2012Metric_Pad1.20x1.40mm_HandSolder,1,100k,
R1,R_0805_2012Metric_Pad1.20x1.40mm_HandSolder,1,220k,
R23,R_0805_2012Metric_Pad1.20x1.40mm_HandSolder,1,10k,
R25,R_0805_2012Metric_Pad1.20x1.40mm_HandSolder,1,10k,
R57,R_0805_2012Metric_Pad1.20x1.40mm_HandSolder,1,1k,
J6,IDC-Header_2x05_P2.54mm_Vertical,1,PWR,
C23,C_0805_2012Metric_Pad1.18x1.45mm_HandSolder,1,10n,
R38,R_0805_2012Metric_Pad1.20x1.40mm_HandSolder,1,100k,
D8,D_SOD-323,1,1N4148WS,
R56,R_0805_2012Metric_Pad1.20x1.40mm_HandSolder,1,10k,
C18,C_0805_2012Metric_Pad1.18x1.45mm_HandSolder,1,100n,
C9,C_0805_2012Metric_Pad1.18x1.45mm_HandSolder,1,15n,
R45,R_0805_2012Metric_Pad1.20x1.40mm_HandSolder,1,47k,
D9,SOT-23,1,BZX84C18V,
R26,R_0805_2012Metric_Pad1.20x1.40mm_HandSolder,1,100k,
R52,R_0805_2012Metric_Pad1.20x1.40mm_HandSolder,1,100k,
R66,R_0805_2012Metric_Pad1.20x1.40mm_HandSolder,1,2k2,
C5,C_0805_2012Metric_Pad1.18x1.45mm_HandSolder,1,470p,
R27,R_0805_2012Metric_Pad1.20x1.40mm_HandSolder,1,10k,
C29,C_0805_2012Metric_Pad1.18x1.45mm_HandSolder,1,10n,
D12,D_SOD-323,1,1N4148WS,
R20,R_0805_2012Metric_Pad1.20x1.40mm_HandSolder,1,1M,
R54,R_0805_2012Metric_Pad1.20x1.40mm_HandSolder,1,47k,
R3,R_0805_2012Metric_Pad1.20x1.40mm_HandSolder,1,47k,
J2,Jack_3.5mm_QingPu_WQP-PJ398SM_Vertical_CircularHoles,1,TRIG_IN,
J1,Jack_3.5mm_QingPu_WQP-PJ398SM_Vertical_CircularHoles,1,VEL,
SW1,CherryMX_1.00u,1,SW_Push,
J3,Jack_3.5mm_QingPu_WQP-PJ398SM_Vertical_CircularHoles,1,OUT,
RV1,Potentiometer_Alpha_RD901F-40-00D_Single_Vertical,1,B10K,
RV2,Potentiometer_Alpha_RD901F-40-00D_Single_Vertical,1,B470K,
RV3,Potentiometer_Alpha_RD901F-40-00D_Single_Vertical,1,B10k,
